{
	"format_version": "1.16.100",
	"minecraft:block": {
		"description": {
			"identifier": "dungeon:gen_block_pillager_spawner"
		},
		"components": {
			"minecraft:ticking": {
				"looping": true,
				"range": [
					1,
					1
				],
				"on_tick": {
					"event": "generate_entity",
					"target": "self"
				}
			},
			"minecraft:on_interact": {
				"event": "generate_entity",
				"target": "self"
			}
		},
		"events": {
			"generate_entity": {
				"randomize": [
					{
						"weight": 1,
						"run_command": {
							"command": [
								"summon evocation_illager ~ ~ ~",
								"setblock ~ ~ ~ air"
							]
						}
					},
					{
						"weight": 5,
						"run_command": {
							"command": [
								"summon vindicator ~ ~ ~",
								"setblock ~ ~ ~ air"
							]
						}
					},
					{
						"weight": 5,
						"run_command": {
							"command": [
								"summon pillager ~ ~ ~ minecraft:spawn_as_illager_captain",
								"setblock ~ ~ ~ air"
							]
						}
					},
					{
						"weight": 25,
						"run_command": {
							"command": [
								"summon pillager ~ ~ ~",
								"setblock ~ ~ ~ air"
							]
						}
					}
				]
			}
		}
	}
}