{
  "format_version": "1.13.0",
  "minecraft:entity": {
    "description": {
      "identifier": "dungeons:minecart_crystal",
      "runtime_identifier": "minecraft:minecart",
      "is_spawnable": false,
      "is_summonable": true,
      "is_experimental": false
    },

    "components": {
      "minecraft:is_stackable": {
      },
      "minecraft:type_family": {
        "family": [ "minecart", "inanimate" ]
      },
      "minecraft:collision_box": {
        "width": 0.98,
        "height": 0.7
      },
      "minecraft:rail_movement": {
      },
      "minecraft:rail_sensor": {
        "eject_on_activate": true
      },
      "minecraft:physics": {
      },
      "minecraft:pushable": {
        "is_pushable": true,
        "is_pushable_by_piston": true
      }
    }
  }
}