{
    "format_version": "1.16.100",
    "minecraft:block": {
        "description": {
            "identifier": "honkit26113:warped_glowshroom",
            "register_to_creative_menu": false
        },
        "components": {
            "minecraft:pick_collision": {
                "origin":  [-4, 0, -4],
                "size":    [8, 6, 8]
            },
            "minecraft:entity_collision": false,
            "minecraft:loot": "loot_tables/blocks/warped_glowshroom.json",
            "minecraft:geometry": "geometry.warped_glowshroom",
            "minecraft:breakonpush": true,
            "minecraft:destroy_time": 0.0,
            "minecraft:flammable": {
                "flame_odds": 0,
                "burn_odds": 0
            },
            "minecraft:placement_filter": {
                "conditions": [
                    {
                        "block_filter": [ "minecraft:podzol","minecraft:dirt","minecraft:mycelium","minecraft:grass","minecraft:crimson_nylium","minecraft:warped_nylium" ],
                        "allowed_faces": [ "up" ]
                    }
                ]
            },
            "minecraft:material_instances": {
                "*": {
                    "texture": "warped_glowshroom",
                    "render_method": "alpha_test",
                    "ambient_occlusion": false,
                    "face_dimming": false
                }
            },
            "minecraft:block_light_emission": 0.1,
            "minecraft:block_light_absorption": 0.0
        },
        "events": {
          "honkit26113:glowshroomeffect": {
            "run_command": {
              "command": "effect @p poison 1.5 0 true"
            }
          }
        }
    }
}