{
    "format_version": "1.16.100",
    "minecraft:block": {
        "description": {
            "identifier": "honkit26113:warped_putrid_petals",
            "register_to_creative_menu": true,
            "properties": {
                "honkit26113:count": [0, 1, 2, 3]
            }
        },
        "components": {
            "minecraft:entity_collision": false,
            "minecraft:destroy_time": 0.1,
            "minecraft:flammable": {
                "flame_odds": 0,
                "burn_odds": 0
            },
            "minecraft:on_interact": {
                "condition": "query.get_equipped_item_name('main_hand') == 'warped_putrid_petals'",
                "event": "honkit26113:count"
            },
            "minecraft:placement_filter": {
                "conditions": [
                    {
                        "block_filter": [ "minecraft:podzol","minecraft:dirt","minecraft:mycelium","minecraft:grass","minecraft:crimson_nylium","minecraft:warped_nylium" ],
                        "allowed_faces": [ "up" ]
                    }
                ]
            },
            "minecraft:material_instances": {
                "*": {
                    "texture": "warped_putrid_petals",
                    "render_method": "alpha_test"
                }
            },
            "minecraft:block_light_emission": 0.0,
            "minecraft:block_light_absorption": 0.0
        },
        "events": {
            "honkit26113:count": {	
                "set_block_property": {
                    "honkit26113:count": "query.block_property('honkit26113:count') + 1"
                }
            }
        },
        "permutations": [
            {
                "condition": "query.block_property('honkit26113:count') == 0",
                "components": {
            		"minecraft:pick_collision": {
                		"origin":  [-4, 0, -3],
                		"size":    [7, 5, 7]
            		},
            		"minecraft:geometry": "geometry.putrid_petals0"
                }
            },
            {
                "condition": "query.block_property('honkit26113:count') == 1",
                "components": {
            		"minecraft:pick_collision": {
                		"origin":  [-7, 0, -7],
                		"size":    [14, 6, 14]
            		},
            		"minecraft:geometry": "geometry.putrid_petals1"
                }
            },
            {
                "condition": "query.block_property('honkit26113:count') == 2",
                "components": {
            		"minecraft:pick_collision": {
                		"origin":  [-7, 0, -7],
                		"size":    [14, 10, 14]
            		},
            		"minecraft:geometry": "geometry.putrid_petals2"
                }
            },
            {
                "condition": "query.block_property('honkit26113:count') == 3",
                "components": { 
            		"minecraft:pick_collision": {
                		"origin":  [-7, 0, -7],
                		"size":    [14, 15, 14]
            		},
            		"minecraft:geometry": "geometry.putrid_petals3"
                }
            }
        ]
    }
}