{
    "format_version": "1.16.100",
    "minecraft:block": {
        "description": {
            "identifier": "honkit26113:warped_fungus_sprout",
            "register_to_creative_menu": false
        },
        "components": {
            "minecraft:pick_collision": {
                "origin":  [-8, 0, -8],
                "size":    [14, 16, 14]
            },
            "minecraft:entity_collision": {
                "origin":  [-8, 0, -8],
                "size":    [16, 16, 16]
            },
            "minecraft:loot": "loot_tables/blocks/warped_fungus_sprout.json",
            "minecraft:geometry": "geometry.fungus_sprout",
            "minecraft:breakonpush": true,
            "minecraft:destroy_time": 0.1,
            "minecraft:flammable": {
                "flame_odds": 0,
                "burn_odds": 0
            },
            "minecraft:placement_filter": {
                "conditions": [
                    {
                        "block_filter": [ "minecraft:podzol","minecraft:dirt","minecraft:mycelium","minecraft:grass","minecraft:crimson_nylium","minecraft:warped_nylium" ],
                        "allowed_faces": [ "up" ]
                    }
                ]
            },
            "minecraft:material_instances": {
                "*": {
                    "texture": "warped_fungus_sprout",
                    "render_method": "alpha_test"
                }
            },
            "minecraft:block_light_emission": 0.2,
            "minecraft:block_light_absorption": 0.0
        }
    }
}