{
    "format_version": "1.16.100",
    "minecraft:block": {
        "description": {
            "identifier": "dungeons:berry_leaves",
            "register_to_creative_menu": true,
            "properties": {
                "dungeons:bonemeal": [true, false],
                "dungeons:drop_result": [true, false],
                "dungeons:stageup": [0, 1]
            }
        },
        "components": {
            "minecraft:pick_collision": {
                "origin":  [-8, 0, -8],
                "size":    [16, 16, 16]
            },
            "minecraft:entity_collision": {
                "origin":  [-8, 0, -8],
                "size":    [16, 16, 16]
            },
            "minecraft:loot": "loot_tables/blocks/berry_leaves.json",
            "minecraft:friction": 0.3,
            "minecraft:destroy_time": 1,
            "minecraft:geometry": "geometry.leaves1",
            "minecraft:flammable": {
                "flame_odds": 3,
                "burn_odds": 3
            },
            "minecraft:on_interact": {
                "condition": "query.get_equipped_item_name('main_hand') == 'bone_meal'",
                "event": "dungeons:bonemeal"
            },
            "minecraft:random_ticking": {
                "on_tick": {
                    "event": "dungeons:stageup"
                }
            },
            "minecraft:block_light_emission": 0.0,
            "minecraft:block_light_absorption": 0.0
        },
        "events": {
            "dungeons:bonemeal": {
                "sequence": [
                    {
                        "decrement_stack": {}
                    },
                    {
                        "trigger": {
                            "event": "dungeons:stageup"
                        }
                    }
                ]
            },
            "dungeons:drop_result": {
                "spawn_loot": {
                    "table": "loot_tables/blocks/berry_leaves_result.json"
                },
                "set_block_at_pos": {
                    "block_offset": [0, 0, 0],
                    "block_type": "dungeons:berry_leaves"
                }
            },
            "dungeons:stageup": {
                "set_block_property": {
                    "dungeons:stageup": "(query.block_property('dungeons:stageup')<1) ? query.block_property('dungeons:stageup') + 1 : 1"
                }
            }
        },
        "permutations": [
            {
                "condition": "query.block_property('dungeons:stageup') == 0",
                "components": {
                    "minecraft:material_instances": {
                        "*": {
                            "texture": "berry_leaves_empty",
                            "render_method": "blend"
                        }
                    }
                }
            },
            {
                "condition": "query.block_property('dungeons:stageup') == 1",
                "components": {
                    "minecraft:material_instances": {
                        "*": {
                            "texture": "berry_leaves",
                            "render_method": "blend"
                        }
                    },
                    "minecraft:on_interact": {
                        "event": "dungeons:drop_result"
                    }
                }
            }
        ]
    }
}