{
    "format_version": "1.16.100",
    "minecraft:block": {
        "description": {
            "identifier": "dungeons:snow_berry_bush",
            "register_to_creative_menu": false,
            "properties": {
                "dungeons:bonemeal": [true, false],
                "dungeons:drop_result": [true, false],
                "dungeons:stageup": [0, 1],
                "dungeons:dodamage": [true, false]
            }
        },
        "components": {
            "minecraft:pick_collision": {
                "origin":  [-7, 0, -7],
                "size":    [14, 16, 14]
            },
            "minecraft:entity_collision": false,
            "minecraft:loot": "loot_tables/blocks/snow_berry_bush.json",
            "minecraft:friction": 0.2,
            "minecraft:breakonpush": true,
            "minecraft:geometry": "geometry.plants1",
            "minecraft:destroy_time": 0,
            "minecraft:preventsjumping": true,
            "minecraft:flammable": {
                "flame_odds": 3,
                "burn_odds": 3
            },
            "minecraft:placement_filter": {
                "conditions": [
                    {
                        "block_filter": ["grass","snow"],
                        "allowed_faces": ["up"]
                    }
                ]
            },
            "minecraft:on_interact": {
                "condition": "query.get_equipped_item_name('main_hand') == 'bone_meal'",
                "event": "dungeons:bonemeal"
            },
            "minecraft:on_step_on": {
            	"event": "dungeons:dodamage"
            },
            "minecraft:random_ticking": {
                "on_tick": {
                    "event": "dungeons:stageup"
                }
            },
            "minecraft:block_light_emission": 0.0,
            "minecraft:block_light_absorption": 0.0
        },
        "events": {
            "dungeons:bonemeal": {
                "sequence": [
                    {
                        "decrement_stack": {}
                    },
                    {
                        "trigger": {
                            "event": "dungeons:stageup"
                        }
                    }
                ]
            },
            "dungeons:drop_result": {
                "spawn_loot": {
                    "table": "loot_tables/blocks/snow_berry_bush_result.json"
                },
                "set_block_at_pos": {
                    "block_offset": [0, 0, 0],
                    "block_type": "dungeons:snow_berry_bush"
                }
            },
            "dungeons:stageup": {
                "set_block_property": {
                    "dungeons:stageup": "(query.block_property('dungeons:stageup')<1) ? query.block_property('dungeons:stageup') + 1 : 1"
                }
            },
            "dungeons:dodamage": {
            	"damage": {
                    "type": "magic",
            		"amount": 1,
            		"target": "self"
            	}
            }
        },
        "permutations": [
            {
                "condition": "query.block_property('dungeons:stageup') == 0",
                "components": {
                    "minecraft:material_instances": {
                        "*": {
                            "texture": "snow_berry_bush_empty",
                            "render_method": "alpha_test"
                        }
                    }
                }
            },
            {
                "condition": "query.block_property('dungeons:stageup') == 1",
                "components": {
                    "minecraft:material_instances": {
                        "*": {
                            "texture": "snow_berry_bush",
                            "render_method": "alpha_test"
                        }
                    },
                    "minecraft:on_interact": {
                        "event": "dungeons:drop_result"
                    }
                }
            }
        ]
    }
}