{
	"format_version" : "1.17.30",
	"animation_controllers" : {
		"controller.animation.skeleton_warrior.move" : {
			"initial_state" : "resting",
			"states" : {
				"walk" : {
					"animations" : [
						{ "walk": "query.modified_move_speed"}
					],
					"transitions": [
				   {"resting" : "!query.modified_move_speed"}
		   ]
	   },
	   "resting" : {
		"animations" : [ "resting" ],
		"transitions" : [
			{
				"walk" : "query.modified_move_speed"
			}
		]


		 }
	     }
}
}
}
