{
  "format_version": "1.16.0",
  "minecraft:entity": {
    "description": {
      "identifier": "mc:pegasus",
      "is_spawnable": true,
      "is_summonable": true,
      "is_experimental": false
    },
    "component_groups": {
    },

    "components": {
      "minecraft:is_hidden_when_invisible": {
      },
      "minecraft:horse.jump_strength": {
        "value": 0
    },
    "minecraft:can_power_jump": {},
    
      "minecraft:type_family": {
        "family": [ "pegasus" ]
      },
      "minecraft:breathable": {
        "total_supply": 15,
        "suffocate_time": 0
    },
        "minecraft:rideable": {
          "seat_count": 1,
          "family_types": [
            "player"
         ]
    },
      "minecraft:collision_box": {
        "width": 1,
        "height": 1
      },
      "minecraft:damage_sensor": {
        "triggers": {
          "cause": "fall",
          "deals_damage": false
        }
      },
      "minecraft:hurt_on_condition": {
        "damage_conditions": [
          {
            "filters": { "test": "in_lava", "subject": "self", "operator": "==", "value": true },
            "cause": "lava",
            "damage_per_tick": 4
          }
        ]
      },
      "minecraft:movement": {
        "value": 0.2
      },
      "minecraft:navigation.walk": {	
        "can_path_over_water": true
      },
      "minecraft:movement.basic": {
      },
      "minecraft:jump.static": {
      },
      "minecraft:despawn": {
        "despawn_from_distance": {}
      },
      "minecraft:behavior.random_stroll": {
        "priority": 1
      },
      "minecraft:health": {
        "value": 12,
        "max": 12
      },
      "minecraft:nameable": {
      },
      "minecraft:physics": {
      },
      "minecraft:conditional_bandwidth_optimization": {
      }
    }
  }
}
