{
  "format_version": "1.16.0",
  "minecraft:entity": {
    "description": {
      "identifier": "mc:skeleton_warrior",
      "population_control": "monster",
      "is_spawnable": true,
      "is_summonable": true,
      "is_experimental": false
    },
    "components": {
      "minecraft:is_hidden_when_invisible": {
      },
      "minecraft:type_family": {
        "family": [ "skeleton_warrior", "mob", "overworld", "monster"]
      },
      "minecraft:breathable": {
        "total_supply": 15,
        "suffocate_time": 0
      },
      "minecraft:collision_box": {
        "width": 1,
        "height": 2.5
      },
      "minecraft:damage_sensor": {
        "triggers": {
          "cause": "fall",
          "deals_damage": false
        }
      },
      "minecraft:hurt_on_condition": {
        "damage_conditions": [
          {
            "filters": { "test": "in_lava", "subject": "self", "operator": "==", "value": true },
            "cause": "lava",
            "damage_per_tick": 4
          }
        ]
      },
      "minecraft:movement": {
        "value": 0.30
      },
      "minecraft:navigation.walk": {
        "is_amphibious": true,
        "can_pass_doors": true,
        "can_walk": true,
        "can_break_doors": true	
      },
      "minecraft:can_climb": {
      },
      "minecraft:movement.basic": {
      },
      "minecraft:jump.static": {
      },
      "minecraft:despawn": {
        "despawn_from_distance": {}
      },
      "minecraft:behavior.random_stroll": {
        "priority": 7,
        "speed_multiplier": 1
      },
      "minecraft:behavior.look_at_player": {
        "priority": 8,
        "look_distance": 6,
        "probability": 0.02
      },
      "minecraft:health": {
        "value": 18,
        "max": 18
    },
    "minecraft:behavior.nearest_attackable_target": {
      "priority": 2,
      "must_see": true,
      "reselect_targets": true,
      "within_radius": 25.0,
      "must_see_forget_duration": 17.0,
      "entity_types": [
        {
          "filters": {
            "any_of": [
              { "test": "is_family", "subject": "other", "value": "player" },
              { "test": "is_family", "subject": "other", "value": "snowgolem" },
              { "test": "is_family", "subject": "other", "value": "irongolem" }
            ]
          },
          "max_dist": 35
        },
        {
          "filters": {
            "any_of": [
              { "test": "is_family", "subject": "other", "value": "villager" },
              { "test": "is_family", "subject": "other", "value": "wandering_trader" }
            ]
          },
          "max_dist": 35,
          "must_see": false
        },
        {
          "filters": {
            "all_of": [
              { "test": "is_family", "subject": "other", "value": "baby_turtle" },
              { "test": "in_water", "subject": "other", "operator": "!=", "value": true }
            ]
          },
          "max_dist": 35
        }
      ]
  },
  "minecraft:behavior.melee_attack": {
    "priority": 3
  },
  "minecraft:attack": {
    "damage": 6
  },
      "minecraft:nameable": {
      },
      "minecraft:physics": {
      },
      "minecraft:pushable":{
         "is_pushable":true,
         "is_pushable_by_piston":true
      },
      "minecraft:conditional_bandwidth_optimization": {
      }
      }
    }
  }
