{
    "pools": [
        {
            "rolls": 1,
            "entries": [
                {
                    "type": "item",
                    "weight": 1,
                    "name": "minecraft:arrow",
                    "functions": [
                        {
                            "function": "set_count",
                            "count": {
                                "min": 5,
                                "max": 20
                            }
                        }
                    ]
                }
            ]
        },
        {
            "rolls": {
                "min": 1,
                "max": 2
            },
            "conditions": [
                {
                    "condition": "random_chance",
                    "chance": 0.5
                }
            ],
            "entries": [
                {
                    "type": "item",
                    "weight": 1,
                    "name": "minecraft:crossbow",
                    "functions": [
                        {
                            "function": "enchant_randomly",
                            "conditions": [
                                {
                                    "condition": "random_chance",
                                    "chance": 0.3
                                }
                            ]
                        },
                        {
                            "function": "set_damage",
                            "damage": {
                                "min": 0.2,
                                "max": 0.9
                            }
                        }
                    ]
                }
            ]
        },
        {
            "rolls": {
                "min": 1,
                "max": 2
            },
            "conditions": [
                {
                    "condition": "random_chance",
                    "chance": 0.5
                }
            ],
            "entries": [
                {
                    "type": "item",
                    "weight": 1,
                    "name": "minecraft:golden_sword",
                    "functions": [
                        {
                            "function": "enchant_randomly",
                            "conditions": [
                                {
                                    "condition": "random_chance",
                                    "chance": 0.3
                                }
                            ]
                        },
                        {
                            "function": "set_damage",
                            "damage": {
                                "min": 0.2,
                                "max": 0.9
                            }
                        }
                    ]
                }
            ]
        },
        {
            "rolls": {
                "min": 2,
                "max": 4
            },
            "conditions": [
                {
                    "condition": "random_chance",
                    "chance": 0.2
                }
            ],
            "entries": [
                {
                    "type": "item",
                    "weight": 1,
                    "name": "minecraft:golden_helmet",
                    "functions": [
                        {
                            "function": "enchant_randomly",
                            "conditions": [
                                {
                                    "condition": "random_chance",
                                    "chance": 0.3
                                }
                            ]
                        },
                        {
                            "function": "set_damage",
                            "damage": {
                                "min": 0.2,
                                "max": 0.9
                            }
                        }
                    ]
                },
                {
                    "type": "item",
                    "weight": 1,
                    "name": "minecraft:golden_chestplate",
                    "functions": [
                        {
                            "function": "enchant_randomly",
                            "conditions": [
                                {
                                    "condition": "random_chance",
                                    "chance": 0.3
                                }
                            ]
                        },
                        {
                            "function": "set_damage",
                            "damage": {
                                "min": 0.2,
                                "max": 0.9
                            }
                        }
                    ]
                },
                {
                    "type": "item",
                    "weight": 1,
                    "name": "minecraft:golden_leggings",
                    "functions": [
                        {
                            "function": "enchant_randomly",
                            "conditions": [
                                {
                                    "condition": "random_chance",
                                    "chance": 0.3
                                }
                            ]
                        },
                        {
                            "function": "set_damage",
                            "damage": {
                                "min": 0.2,
                                "max": 0.9
                            }
                        }
                    ]
                },
                {
                    "type": "item",
                    "weight": 1,
                    "name": "minecraft:golden_boots",
                    "functions": [
                        {
                            "function": "enchant_randomly",
                            "conditions": [
                                {
                                    "condition": "random_chance",
                                    "chance": 0.3
                                }
                            ]
                        },
                        {
                            "function": "set_damage",
                            "damage": {
                                "min": 0.2,
                                "max": 0.9
                            }
                        }
                    ]
                }
            ]
        },
        {
            "rolls": {
                "min": 1,
                "max": 2
            },
            "conditions": [
                {
                    "condition": "random_chance",
                    "chance": 0.05
                }
            ],
            "entries": [
                {
                    "type": "item",
                    "weight": 1,
                    "name": "minecraft:golden_apple"
                }
            ]
        }
    ]