{
    "pools": [
        {
            "rolls": 1,
            "entries": [
                {
                    "type": "item",
                    "weight": 7,
                    "name": "mc:rubedite_helmet",
                    "functions": [
                        {
                            "function": "enchant_randomly"
                        },
                        {
                            "function": "set_damage",
                            "damage": {
                                "min": 0,
                                "max": 1
                            }
                        }
                    ]
                },
                {
                    "type": "item",
                    "weight": 4,
                    "name": "minecraft:diamond",
                    "functions": [
                        {
                            "function": "set_count",
                            "count": {
                                "min": 1,
                                "max": 3
                            }
                        }
                    ]
                },
                {
                    "type": "item",
                    "weight": 7,
                    "name": "mc:rubedite_battle_axe",
                    "functions": [
                        {
                            "function": "set_damage",
                            "damage": {
                                "min": 0,
                                "max": 1
                            }
                        },
                        {
                            "function": "enchant_randomly"
                        }
                    ]
                },
                {
                    "type": "item",
                    "weight": 6,
                    "name": "mc:soul_battle_axe",
                    "functions": [
                        {
                            "function": "enchant_randomly"
                        },
                        {
                            "function": "set_damage",
                            "damage": {
                                "min": 0,
                                "max": 1
                            }
                        }
                    ]
                },
                {
                    "type": "item",
                    "weight": 10,
                    "name": "minecraft:bone",
                    "quality": 1,
                    "conditions": [
                        {
                            "condition": "random_chance",
                            "chance": 1
                        }
                    ],
                    "functions": [
                        {
                            "function": "set_count",
                            "count": {
                                "min": 5,
                                "max": 10
                            }
                        }
                    ]
                },
                {
                    "type": "item",
                    "weight": 7,
                    "name": "mc:rubedite_chestplate",
                    "functions": [
                        {
                            "function": "enchant_randomly"
                        },
                        {
                            "function": "set_damage",
                            "damage": {
                                "min": 0,
                                "max": 1
                            }
                        }
                    ]
                },
                {
                    "type": "item",
                    "weight": 6,
                    "name": "minecraft:diamond_sword",
                    "functions": [
                        {
                            "function": "enchant_randomly"
                        },
                        {
                            "function": "set_damage",
                            "damage": {
                                "min": 0,
                                "max": 1
                            }
                        }
                    ]
                },
                {
                    "type": "item",
                    "weight": 1,
                    "name": "minecraft:bow",
                    "functions": [
                        {
                            "function": "set_damage",
                            "damage": {
                                "min": 0,
                                "max": 1
                            }
                        },
                        {
                            "function": "enchant_randomly"
                        }
                    ]
                },
                {
                    "type": "item",
                    "weight": 10,
                    "name": "minecraft:rotten_flesh",
                    "quality": 1,
                    "conditions": [
                        {
                            "condition": "random_chance",
                            "chance": 1
                        }
                    ],
                    "functions": [
                        {
                            "function": "set_count",
                            "count": {
                                "min": 5,
                                "max": 10
                            }
                        }
                    ]
                }
            ]
        }
    ]
}