{
	"format_version": "1.16.100",
	"minecraft:block": {
		"description": {
			"identifier": "dungeon:gen_block_tier_3_d_forward"
		},
		"components": {
			"minecraft:ticking": {
				"looping": true,
				"range": [
					1,
					1
				],
				"on_tick": {
					"event": "generate_dungeon_room",
					"target": "self"
				}
			},
			"minecraft:on_interact": {
				"event": "generate_dungeon_room",
				"target": "self"
			}
		},
		"events": {
			"generate_dungeon_room": {
				"randomize": [
					{
						"weight": 75,
						"run_command": {
							"command": [
								"structure load \"dungeon:tier_3/base_f\" ~-7 ~-15 ~-7"
							]
						},
						"set_block": {
							"block_type": "minecraft:end_bricks"
						}
					}
				]
			}
		}
	}
}