{
	"format_version": "1.16.100",
	"minecraft:block": {
		"description": {
			"identifier": "dungeon:gen_block_tier_2_d_backward"
		},
		"components": {
			"minecraft:ticking": {
				"looping": true,
				"range": [
					1,
					1
				],
				"on_tick": {
					"event": "generate_dungeon_room",
					"target": "self"
				}
			},
			"minecraft:on_interact": {
				"event": "generate_dungeon_room",
				"target": "self"
			}
		},
		"events": {
			"generate_dungeon_room": {
				"run_command": {
					"command": [
						"structure load \"dungeon:tier_3/stairs_b\" ~-3 ~-15 ~-3"
					]
				},
				"set_block": {
					"block_type": "minecraft:nether_brick"
				}
			}
		}
	}
}