{
	"format_version": "1.16.100",
	"minecraft:item": {
		"description": {
			"category": "construction",
			"identifier": "item:netherite_trapdoor"
		},
		"components": {
			"minecraft:creative_category": {
				"parent": "itemGroup.name.trapdoor"
			},
			"minecraft:max_stack_size": 64,
			"minecraft:block_placer": {
				"block": "dungeons:netherite_trapdoor",
				"use_block_description": true
			},
			"minecraft:icon": {
				"texture": "netherite_trapdoor"
			},
			"minecraft:use_duration": 0.5
		}
	}
}