{
	"format_version": "1.16.100",
	"minecraft:block": {
		"description": {
			"identifier": "dungeon:gen_block_tier_2_clean_up_base"
		},
		"components": {
			"minecraft:ticking": {
				"looping": true,
				"range": [
					1,
					1
				],
				"on_tick": {
					"event": "generate_base_cleanup",
					"target": "self"
				}
			}
		},
		"events": {
			"generate_base_cleanup": {
				"randomize": [
					{
						"weight": 25,
						"run_command": {
							"command": [
								"structure load \"dungeon:tier_2/clean_up_base\" ~-7 ~-15 ~-7"
							]
						},
						"set_block": {
							"block_type": "minecraft:nether_brick"
						}
					},
					{
						"weight": 50,
						"run_command": {
							"command": [
								"structure load \"dungeon:tier_2/clean_up_dark_base\" ~-7 ~-15 ~-7"
							]
						},
						"set_block": {
							"block_type": "minecraft:nether_brick"
						}
					}
				]
			}
		}
	}
}