{
  "format_version": "1.16.100",

  "minecraft:block": {
    "description": {
      "identifier": "dungeons:stone_pillar_snowy",
      "properties": {
	    "dungeons:direction": [0, 1, 2]
      }
    },
	"permutations": [
	  {
		"condition": "query.block_property('dungeons:direction') == 0",
		"components": {
		  "minecraft:rotation" : [0, 0, 0]
	    }
	  },
	  {
		"condition": "query.block_property('dungeons:direction') == 1",
		"components": {
		  "minecraft:rotation" : [270, 0, 0]
		}
	  },
	  {
		"condition": "query.block_property('dungeons:direction') == 2",
		"components": {
		  "minecraft:rotation" : [0, 0, 270]
	    }
      }
	],
    "components": {
	  "tag:stone": {},
      "minecraft:loot": "loot_tables/blocks/stone_pilar_snowy.json",
	  "minecraft:unit_cube": {},
      "minecraft:explosion_resistance": 15,
      "minecraft:destroy_time": 0.35,
      "minecraft:on_player_placing": {
        "event": "minecraft:placing_direction",
        "target": "self"
      },
	  "minecraft:material_instances" : {
        "*": {
          "texture": "stone_pillar_snowy_side",
          "render_method" : "opaque"
        },
        "up": {
          "texture": "stone_pillar_snowy_top",
          "render_method" : "opaque"
        },
        "down": {
          "texture": "stone_pillar_snowy_top",
          "render_method" : "opaque"
        }
      }
    },
	"events": {
	  "minecraft:placing_direction": {
		"set_block_property": {
		  "dungeons:direction": "math.floor(query.cardinal_block_face_placed_on / 2.0)"
		}
	  }
	}
  }
}