{
	"format_version": "1.12.0",
	"minecraft:geometry": [
		{
			"description": {
				"identifier": "geometry.moth",
				"texture_width": 128,
				"texture_height": 128,
				"visible_bounds_width": 7,
				"visible_bounds_height": 4,
				"visible_bounds_offset": [0, 1, 0]
			},
			"bones": [
				{
					"name": "moth",
					"pivot": [9.76795, 11.71539, 13]
				},
				{
					"name": "leftWings",
					"parent": "moth",
					"pivot": [9.76795, 11.71539, 13],
					"cubes": [
						{"origin": [2.26795, 11.71539, 8], "size": [26.5, 0, 13.5], "pivot": [9.76795, 11.71539, 13], "rotation": [0, -20, 0], "uv": [0, 41]},
						{"origin": [2.76795, 12.71539, -2.5], "size": [40, 0, 14.5], "uv": [0, 14]}
					]
				},
				{
					"name": "rightWings",
					"parent": "moth",
					"pivot": [-3.76795, 11.71539, 13],
					"cubes": [
						{"origin": [-28.76795, 11.71539, 6], "size": [26.5, 0, 13.5], "pivot": [-3.76795, 11.71539, 13], "rotation": [0, 20, 0], "uv": [0, 28]},
						{"origin": [-42.26795, 12.71539, -2.5], "size": [40, 0, 14.5], "uv": [0, 0]}
					]
				},
				{
					"name": "LeftLeg1",
					"parent": "moth",
					"pivot": [3.5, 8.5, 2],
					"rotation": [-5, 17.5, -5],
					"cubes": [
						{"origin": [3.23524, 6.72114, -0.96975], "size": [5, 5, 4], "pivot": [3.66572, 8.72114, 1.34745], "rotation": [-90, 0, 17.5], "uv": [70, 73]},
						{"origin": [5.66572, 8.72114, 1.34745], "size": [1, 1, 8], "pivot": [3.66572, 8.72114, 1.34745], "rotation": [-90, 0, 0], "uv": [52, 73]},
						{"origin": [4.66572, 7.72114, 1.34745], "size": [3, 3, 6], "pivot": [3.66572, 8.72114, 1.34745], "rotation": [-90, 0, 0], "uv": [14, 70]}
					]
				},
				{
					"name": "LeftLeg2",
					"parent": "moth",
					"pivot": [3.23205, 7.71539, 6],
					"rotation": [0, 180, -27.5],
					"cubes": [
						{"origin": [5.64453, -7.88025, -27], "size": [5, 5, 4], "pivot": [15.64453, -12.88025, -2], "rotation": [-90, 0, -17.5], "uv": [86, 78]},
						{"origin": [0.64453, -5.88025, -22], "size": [1, 1, 8], "pivot": [15.64453, -12.88025, -2], "rotation": [-90, 0, 0], "uv": [84, 61]},
						{"origin": [-0.35547, -6.88025, -22], "size": [3, 3, 6], "pivot": [15.64453, -12.88025, -2], "rotation": [-90, 0, 0], "uv": [36, 84]}
					]
				},
				{
					"name": "LeftLeg3",
					"parent": "moth",
					"pivot": [3.5, 7.5, 12],
					"rotation": [17.5, -25, -35],
					"cubes": [
						{"origin": [2.45107, 5.051, 8.92884], "size": [5, 5, 4], "pivot": [2.88156, 7.051, 11.24603], "rotation": [-90, 0, 17.5], "uv": [56, 82]},
						{"origin": [4.88156, 7.051, 11.24603], "size": [1, 1, 8], "pivot": [2.88156, 7.051, 11.24603], "rotation": [-90, 0, 0], "uv": [42, 75]},
						{"origin": [3.88156, 6.051, 11.24603], "size": [3, 3, 6], "pivot": [2.88156, 7.051, 11.24603], "rotation": [-90, 0, 0], "uv": [77, 45]}
					]
				},
				{
					"name": "RightLeg1",
					"parent": "moth",
					"pivot": [-2.5, 8.5, 2],
					"rotation": [-5, -17.5, 5],
					"cubes": [
						{"origin": [-8.18532, 6.66042, -0.66373], "size": [5, 5, 4], "pivot": [-3.61581, 8.66042, 1.65346], "rotation": [-90, 0, -17.5], "uv": [77, 36]},
						{"origin": [-6.61581, 8.66042, 1.65346], "size": [1, 1, 8], "pivot": [-3.61581, 8.66042, 1.65346], "rotation": [-90, 0, 0], "uv": [24, 75]},
						{"origin": [-7.61581, 7.66042, 1.65346], "size": [3, 3, 6], "pivot": [-3.61581, 8.66042, 1.65346], "rotation": [-90, 0, 0], "uv": [74, 60]}
					]
				},
				{
					"name": "RightLeg2",
					"parent": "moth",
					"pivot": [-5, 7.5, 6],
					"rotation": [0, 0, 30],
					"cubes": [
						{"origin": [-1.26795, -7.28461, -26], "size": [5, 5, 4], "pivot": [8.73205, -12.28461, -1], "rotation": [-90, 0, -17.5], "uv": [91, 41]},
						{"origin": [-6.26795, -5.28461, -21], "size": [1, 1, 8], "pivot": [8.73205, -12.28461, -1], "rotation": [-90, 0, 0], "uv": [46, 85]},
						{"origin": [-7.26795, -6.28461, -21], "size": [3, 3, 6], "pivot": [8.73205, -12.28461, -1], "rotation": [-90, 0, 0], "uv": [86, 87]}
					]
				},
				{
					"name": "RightLeg3",
					"parent": "moth",
					"pivot": [-3.5, 7.5, 11.5],
					"rotation": [17.5, 25, 35],
					"cubes": [
						{"origin": [-7.66238, 4.91473, 8.86102], "size": [5, 5, 4], "pivot": [-3.09286, 6.91473, 11.17821], "rotation": [-90, 0, -17.5], "uv": [18, 84]},
						{"origin": [-6.09286, 6.91473, 11.17821], "size": [1, 1, 8], "pivot": [-3.09286, 6.91473, 11.17821], "rotation": [-90, 0, 0], "uv": [0, 83]},
						{"origin": [-7.09286, 5.91473, 11.17821], "size": [3, 3, 6], "pivot": [-3.09286, 6.91473, 11.17821], "rotation": [-90, 0, 0], "uv": [74, 82]}
					]
				},
				{
					"name": "body",
					"parent": "moth",
					"pivot": [0, 9.5, -5],
					"cubes": [
						{"origin": [-4, 5.5, -8], "size": [8, 8, 7], "uv": [30, 60]},
						{"origin": [-3, 5.5, -9], "size": [2, 1, 1], "uv": [0, 9]},
						{"origin": [-2, 5.5, -10], "size": [1, 1, 2], "uv": [0, 6]},
						{"origin": [1, 5.5, -9], "size": [2, 1, 1], "uv": [7, 0]},
						{"origin": [1, 5.5, -10], "size": [1, 1, 2], "uv": [6, 6]},
						{"origin": [0.29127, 11.5, -16.70816], "size": [1, 1, 12], "pivot": [0, 12.5, -7], "rotation": [0, -27.5, 0], "uv": [0, 70]},
						{"origin": [-0.29127, 11.5, -19.70816], "size": [1, 1, 12], "pivot": [6, 12.5, -7], "rotation": [0, 27.5, 0], "uv": [60, 60]},
						{"origin": [-5, 7.5, -6], "size": [10, 4, 4], "uv": [65, 28]},
						{"origin": [-3, 7.5, -1], "size": [6, 6.5, 17], "uv": [48, 37]},
						{"origin": [-2, 10.5, 6], "size": [4, 5, 11], "pivot": [3, -15.5, 0], "rotation": [-15, 0, 0], "uv": [0, 54]},
						{"origin": [-1, 13.5, 7], "size": [2, 4, 7], "pivot": [3, -15.5, 0], "rotation": [-30, 0, 0], "uv": [19, 54]},
						{"origin": [-1, 11.5, -17], "size": [2, 3, 3], "pivot": [3, -15.5, 0], "rotation": [-82.5, 0, 0], "uv": [0, 0]}
					]
				}
			]
		}
	]
}