{
	"format_version": "1.12.0",
	"minecraft:geometry": [
		{
			"description": {
				"identifier": "geometry.pegasus",
				"texture_width": 128,
				"texture_height": 128,
				"visible_bounds_width": 7,
				"visible_bounds_height": 5.25,
				"visible_bounds_offset": [0, 2.375, 0]
			},
			"bones": [
				{
					"name": "body",
					"pivot": [0, 28, 2]
				},
				{
					"name": "wingright",
					"parent": "body",
					"pivot": [-4, 31.5, 2.5]
				},
				{
					"name": "bone3",
					"parent": "wingright",
					"pivot": [-3.5, 32, 3],
					"rotation": [0, 0, -65],
					"cubes": [
						{"origin": [-10.42161, 29.90178, -1.5], "size": [11.5, 0, 8.5], "pivot": [0.57839, 33.90178, 0.5], "rotation": [0, 0, 40], "uv": [76, 0]}
					]
				},
				{
					"name": "b3",
					"parent": "wingright",
					"pivot": [-12, 28.5, 3]
				},
				{
					"name": "bone4",
					"parent": "b3",
					"pivot": [-12, 28.5, 3],
					"cubes": [
						{"origin": [-23.01325, 28.4051, -2], "size": [11.5, 0, 11.5], "pivot": [-12, 28.5, 3], "rotation": [0, 0, 40], "uv": [56, 21]}
					]
				},
				{
					"name": "bone6",
					"parent": "b3",
					"pivot": [-20.5, 35.5, 3.5],
					"cubes": [
						{"origin": [-34.5, 35.5, -2], "size": [15.5, 0, 21], "pivot": [-20.5, 31.5, 3], "rotation": [0, 0, -17.5], "uv": [0, 0]}
					]
				},
				{
					"name": "wingleft",
					"parent": "body",
					"pivot": [4, 31.5, 2.5]
				},
				{
					"name": "bone5",
					"parent": "wingleft",
					"pivot": [3.5, 32, 3],
					"rotation": [0, 0, 65],
					"cubes": [
						{"origin": [-1.07839, 29.90178, -1.5], "size": [11.5, 0, 8.5], "pivot": [-0.57839, 33.90178, 0.5], "rotation": [0, 0, -40], "uv": [87, 8]}
					]
				},
				{
					"name": "b2",
					"parent": "wingleft",
					"pivot": [12, 28.5, 3]
				},
				{
					"name": "bone",
					"parent": "b2",
					"pivot": [12, 28.5, 3],
					"cubes": [
						{"origin": [11.51325, 28.4051, -2], "size": [11.5, 0, 11], "pivot": [12, 28.5, 3], "rotation": [0, 0, -40], "uv": [71, 66]}
					]
				},
				{
					"name": "bone2",
					"parent": "b2",
					"pivot": [20.5, 35.5, 3.5],
					"cubes": [
						{"origin": [20.20282, 35.68513, -2], "size": [15.5, 0, 21], "pivot": [20.5, 35.5, 3], "rotation": [0, 0, 17.5], "uv": [0, 21]}
					]
				},
				{
					"name": "tail",
					"parent": "body",
					"pivot": [0, 30.5, 18],
					"cubes": [
						{"origin": [0, 5, 17.5], "size": [0, 27, 13], "uv": [44, 39]}
					]
				},
				{
					"name": "main",
					"parent": "body",
					"pivot": [0, 38, -21],
					"cubes": [
						{"origin": [-4.5, 20.5, -13.5], "size": [9, 13, 11.5], "pivot": [0, 26.5, 0.5], "rotation": [-5, 0, 0], "uv": [0, 66]},
						{"origin": [-3.5, 24, -5.5], "size": [7, 9.5, 15.25], "uv": [0, 42]},
						{"origin": [-4, 23.5, -6], "size": [8, 10.5, 16.25], "uv": [35, 26]},
						{"origin": [-5.5, 22.95476, 6.5119], "size": [11, 10, 11.25], "pivot": [0, 26.5, 13], "rotation": [-10, 0, 0], "uv": [51, 0]}
					]
				},
				{
					"name": "neck",
					"parent": "body",
					"pivot": [0, 30.5, -10.5],
					"cubes": [
						{"origin": [-2, 25.5, -24], "size": [4, 11.5, 7], "pivot": [0, 38, -21], "rotation": [50, 0, 0], "uv": [0, 90]},
						{"origin": [0, 24, -21], "size": [0, 14.5, 6.5], "pivot": [0, 38, -21], "rotation": [50, 0, 0], "uv": [0, 22]}
					]
				},
				{
					"name": "head",
					"parent": "body",
					"pivot": [0, 38, -20],
					"cubes": [
						{"origin": [-4.5, 41.5, -18], "size": [9.5, 6, 0], "pivot": [0, 38, -20.5], "rotation": [-5, 0, 0], "uv": [92, 77]},
						{"origin": [-3, 36.5, -31], "size": [6, 4, 12.5], "uv": [28, 81]},
						{"origin": [-2.5, 35.5, -30.5], "size": [5, 3, 7], "uv": [57, 93]},
						{"origin": [-3.5, 35, -27], "size": [7, 8.5, 9.5], "pivot": [0, 38, -20.5], "rotation": [-5, 0, 0], "uv": [83, 84]},
						{"origin": [-4, 35, -27.5], "size": [8, 9, 10.5], "pivot": [0, 38, -20.5], "rotation": [-5, 0, 0], "uv": [79, 22]}
					],
					"locators": {
						"lead": [0, 35, -20.5]
					}
				},
				{
					"name": "leg0",
					"parent": "body",
					"pivot": [-6.5, 28.5, 12.5],
					"cubes": [
						{"origin": [-10, 18.5, 8], "size": [6, 14, 10], "pivot": [-6.5, 29.5, 14], "rotation": [-10, 0, 0], "uv": [73, 42]},
						{"origin": [-8.5, 2.5, 11.5], "size": [4, 3.5, 4], "uv": [104, 62]},
						{"origin": [-8, 17.5, 9.5], "size": [3, 10, 4], "pivot": [8, 21, 18], "rotation": [40, 0, 0], "uv": [77, 101]},
						{"origin": [-8, 3.5, 14], "size": [3, 12, 3.5], "pivot": [8, 21, 18], "rotation": [-7.5, 0, 0], "uv": [50, 103]}
					]
				},
				{
					"name": "leg1",
					"parent": "body",
					"pivot": [4.5, 28.5, 12.5],
					"cubes": [
						{"origin": [5.5, 2.5, 11.5], "size": [4, 3.5, 4], "uv": [95, 41]},
						{"origin": [6, 17.5, 9.5], "size": [3, 10, 4], "pivot": [22, 21, 18], "rotation": [40, 0, 0], "uv": [0, 42]},
						{"origin": [6, 3.5, 14], "size": [3, 12, 3.5], "pivot": [22, 21, 18], "rotation": [-7.5, 0, 0], "uv": [91, 101]},
						{"origin": [4, 18.5, 8], "size": [6, 14, 10], "pivot": [7.5, 29.5, 14], "rotation": [-10, 0, 0], "uv": [60, 69]}
					]
				},
				{
					"name": "leg2",
					"parent": "body",
					"pivot": [-6.5, 31, -9],
					"cubes": [
						{"origin": [-8.5, 25, -12], "size": [4, 8.5, 6.5], "pivot": [-6.5, 29.5, -8.5], "rotation": [5, 0, 0], "uv": [0, 0]},
						{"origin": [-8, 15, -10], "size": [3, 12, 4], "pivot": [8, 21, -4.5], "rotation": [7.5, 0, 0], "uv": [22, 97]},
						{"origin": [-8, 3, -9], "size": [3, 12, 3.5], "uv": [62, 103]},
						{"origin": [-8.5, 2.5, -9.5], "size": [4, 3.5, 4], "uv": [104, 69]}
					]
				},
				{
					"name": "leg3",
					"parent": "body",
					"pivot": [6.5, 31, -9],
					"cubes": [
						{"origin": [4.5, 25, -12], "size": [4, 8.5, 6.5], "pivot": [6.5, 29.5, -8.5], "rotation": [5, 0, 0], "uv": [0, 14]},
						{"origin": [5, 15, -10], "size": [3, 12, 4], "pivot": [21, 21, -4.5], "rotation": [7.5, 0, 0], "uv": [36, 97]},
						{"origin": [5, 3, -9], "size": [3, 12, 3.5], "uv": [103, 101]},
						{"origin": [4.5, 2.5, -9.5], "size": [4, 3.5, 4], "uv": [105, 16]}
					]
				}
			]
		}
	]
}