{
	"format_version": "1.10.0",
	"minecraft:client_entity": {
		"description": {
			"identifier": "mc:skeleton_warrior",
			"materials": {
				"default": "entity_alphatest"
			},
			"textures": {
				"default": "textures/entity/skeleton_warrior"
			},
			"geometry": {
				"default": "geometry.warrior_skeleton"
			},
			"scripts": {
				"animate": [
					"move"

				]
			},
			"animations": {
				"resting": "animation.skeleton.warrior.sitting",
				"walk": "animation.skeleton.warrior.move",
				"move": "controller.animation.skeleton_warrior.move"
				
			},
			"render_controllers": [ "controller.render.skeleton_warrior" ],
			"spawn_egg":{
				"base_color": "#2f00ff",
				"overlay_color": "#ffffff"
			}
			}
		}
	}