{
	"format_version": "1.16.100",
	"minecraft:block": {
		"description": {
			"identifier": "dungeon:gen_block_tier_2_right"
		},
		"components": {
			"minecraft:ticking": {
				"looping": true,
				"range": [
					1,
					1
				],
				"on_tick": {
					"event": "generate_dungeon_room",
					"target": "self"
				}
			},
			"minecraft:on_interact": {
				"event": "generate_dungeon_room",
				"target": "self"
			}
		},
		"events": {
			"generate_dungeon_room": {
				"sequence": [
					{
						"run_command": {
							"command": [
								"summon dungeon:helper ~ ~ ~ tier_2_right"
							]
						}
					}
				]
			}
		}
	}
}