{
	"format_version": "1.12.0",
	"minecraft:geometry": [
		{
			"description": {
				"identifier": "geometry.half_door.north",
				"texture_width": 16,
				"texture_height": 16,
				"visible_bounds_width": 2,
				"visible_bounds_height": 2.5,
				"visible_bounds_offset": [0, 0.75, 0]
			},
			"bones": [
				{
					"name": "half_door",
					"pivot": [0, 0, 0],
					"cubes": [
						{
							"origin": [-8, 0, -8],
							"size": [16, 16, 3],
							"uv": {
								"north": {"uv": [0, 0], "uv_size": [16, 16]},
								"east": {"uv": [0, 0], "uv_size": [3, 16]},
								"south": {"uv": [0, 0], "uv_size": [16, 16]},
								"west": {"uv": [0, 0], "uv_size": [3, 16]},
								"up": {"uv": [16, 3], "uv_size": [-16, -3]},
								"down": {"uv": [16, 3], "uv_size": [-16, -3]}
							}
						}
					]
				}
			]
		},
		{
			"description": {
				"identifier": "geometry.half_door.south",
				"texture_width": 16,
				"texture_height": 16,
				"visible_bounds_width": 3,
				"visible_bounds_height": 2.5,
				"visible_bounds_offset": [0, 0.75, 0]
			},
			"bones": [
				{
					"name": "half_door",
					"pivot": [0, 0, 0],
					"cubes": [
						{
							"origin": [-8, 0, 5],
							"size": [16, 16, 3],
							"uv": {
								"north": {"uv": [0, 0], "uv_size": [16, 16]},
								"east": {"uv": [0, 0], "uv_size": [3, 16]},
								"south": {"uv": [0, 0], "uv_size": [16, 16]},
								"west": {"uv": [0, 0], "uv_size": [3, 16]},
								"up": {"uv": [16, 3], "uv_size": [-16, -3]},
								"down": {"uv": [16, 3], "uv_size": [-16, -3]}
							}
						}
					]
				}
			]
		},
		{
			"description": {
				"identifier": "geometry.half_door.east",
				"texture_width": 16,
				"texture_height": 16,
				"visible_bounds_width": 3,
				"visible_bounds_height": 2.5,
				"visible_bounds_offset": [0, 0.75, 0]
			},
			"bones": [
				{
					"name": "half_door",
					"pivot": [0, 0, 0],
					"cubes": [
						{
							"origin": [-8, 0, -8],
							"size": [3, 16, 16],
							"uv": {
								"north": {"uv": [0, 0], "uv_size": [3, 16]},
								"east": {"uv": [0, 0], "uv_size": [16, 16]},
								"south": {"uv": [0, 0], "uv_size": [3, 16]},
								"west": {"uv": [0, 0], "uv_size": [16, 16]},
								"up": {"uv": [3, 16], "uv_size": [-3, -16]},
								"down": {"uv": [3, 16], "uv_size": [-3, -16]}
							}
						}
					]
				}
			]
		},
		{
			"description": {
				"identifier": "geometry.half_door.west",
				"texture_width": 16,
				"texture_height": 16,
				"visible_bounds_width": 3,
				"visible_bounds_height": 2.5,
				"visible_bounds_offset": [0, 0.75, 0]
			},
			"bones": [
				{
					"name": "half_door",
					"pivot": [0, 0, 0],
					"cubes": [
						{
							"origin": [5, 0, -8],
							"size": [3, 16, 16],
							"uv": {
								"north": {"uv": [0, 0], "uv_size": [3, 16]},
								"east": {"uv": [0, 0], "uv_size": [16, 16]},
								"south": {"uv": [0, 0], "uv_size": [3, 16]},
								"west": {"uv": [0, 0], "uv_size": [16, 16]},
								"up": {"uv": [3, 16], "uv_size": [-3, -16]},
								"down": {"uv": [3, 16], "uv_size": [-3, -16]}
							}
						}
					]
				}
			]
		},
		{
			"description": {
				"identifier": "geometry.door.north",
				"texture_width": 16,
				"texture_height": 16,
				"visible_bounds_width": 3,
				"visible_bounds_height": 3.5,
				"visible_bounds_offset": [0, 1.25, 0]
			},
			"bones": [
				{
					"name": "whole_door",
					"pivot": [0, 0, 0],
					"cubes": [
						{
							"origin": [-8, 0, -8],
							"size": [16, 16, 3],
							"uv": {
								"north": {"uv": [0, 0], "uv_size": [16, 16]},
								"east": {"uv": [0, 0], "uv_size": [3, 16]},
								"south": {"uv": [0, 0], "uv_size": [16, 16]},
								"west": {"uv": [0, 0], "uv_size": [3, 16]},
								"up": {"uv": [16, 3], "uv_size": [-16, -3]},
								"down": {"uv": [16, 3], "uv_size": [-16, -3]}
							}
						},
						{
							"origin": [-8, 16, -8],
							"size": [16, 16, 3],
							"uv": {
								"north": {"uv": [0, 0], "uv_size": [16, 16]},
								"east": {"uv": [0, 0], "uv_size": [3, 16]},
								"south": {"uv": [0, 0], "uv_size": [16, 16]},
								"west": {"uv": [0, 0], "uv_size": [3, 16]},
								"up": {"uv": [16, 3], "uv_size": [-16, -3]},
								"down": {"uv": [16, 3], "uv_size": [-16, -3]}
							}
						}
					]
				}
			]
		},
		{
			"description": {
				"identifier": "geometry.door.south",
				"texture_width": 16,
				"texture_height": 16,
				"visible_bounds_width": 3,
				"visible_bounds_height": 3.5,
				"visible_bounds_offset": [0, 1.25, 0]
			},
			"bones": [
				{
					"name": "whole_door",
					"pivot": [0, 0, 0],
					"cubes": [
						{
							"origin": [-8, 0, 5],
							"size": [16, 16, 3],
							"uv": {
								"north": {"uv": [0, 0], "uv_size": [16, 16]},
								"east": {"uv": [0, 0], "uv_size": [3, 16]},
								"south": {"uv": [0, 0], "uv_size": [16, 16]},
								"west": {"uv": [0, 0], "uv_size": [3, 16]},
								"up": {"uv": [16, 3], "uv_size": [-16, -3]},
								"down": {"uv": [16, 3], "uv_size": [-16, -3]}
							}
						},
						{
							"origin": [-8, 16, 5],
							"size": [16, 16, 3],
							"uv": {
								"north": {"uv": [0, 0], "uv_size": [16, 16]},
								"east": {"uv": [0, 0], "uv_size": [3, 16]},
								"south": {"uv": [0, 0], "uv_size": [16, 16]},
								"west": {"uv": [0, 0], "uv_size": [3, 16]},
								"up": {"uv": [16, 3], "uv_size": [-16, -3]},
								"down": {"uv": [16, 3], "uv_size": [-16, -3]}
							}
						}
					]
				}
			]
		},
		{
			"description": {
				"identifier": "geometry.door.east",
				"texture_width": 16,
				"texture_height": 16,
				"visible_bounds_width": 3,
				"visible_bounds_height": 3.5,
				"visible_bounds_offset": [0, 1.25, 0]
			},
			"bones": [
				{
					"name": "whole_door",
					"pivot": [0, 0, 0],
					"cubes": [
						{
							"origin": [-8, 0, -8],
							"size": [3, 16, 16],
							"uv": {
								"north": {"uv": [0, 0], "uv_size": [3, 16]},
								"east": {"uv": [0, 0], "uv_size": [16, 16]},
								"south": {"uv": [0, 0], "uv_size": [3, 16]},
								"west": {"uv": [0, 0], "uv_size": [16, 16]},
								"up": {"uv": [3, 16], "uv_size": [-3, -16]},
								"down": {"uv": [3, 16], "uv_size": [-3, -16]}
							}
						},
						{
							"origin": [-8, 16, -8],
							"size": [3, 16, 16],
							"uv": {
								"north": {"uv": [0, 0], "uv_size": [3, 16]},
								"east": {"uv": [0, 0], "uv_size": [16, 16]},
								"south": {"uv": [0, 0], "uv_size": [3, 16]},
								"west": {"uv": [0, 0], "uv_size": [16, 16]},
								"up": {"uv": [3, 16], "uv_size": [-3, -16]},
								"down": {"uv": [3, 16], "uv_size": [-3, -16]}
							}
						}
					]
				}
			]
		},
		{
			"description": {
				"identifier": "geometry.door.west",
				"texture_width": 16,
				"texture_height": 16,
				"visible_bounds_width": 3,
				"visible_bounds_height": 3.5,
				"visible_bounds_offset": [0, 1.25, 0]
			},
			"bones": [
				{
					"name": "whole_door",
					"pivot": [0, 0, 0],
					"cubes": [
						{
							"origin": [5, 0, -8],
							"size": [3, 16, 16],
							"uv": {
								"north": {"uv": [0, 0], "uv_size": [3, 16]},
								"east": {"uv": [0, 0], "uv_size": [16, 16]},
								"south": {"uv": [0, 0], "uv_size": [3, 16]},
								"west": {"uv": [0, 0], "uv_size": [16, 16]},
								"up": {"uv": [3, 16], "uv_size": [-3, -16]},
								"down": {"uv": [3, 16], "uv_size": [-3, -16]}
							}
						},
						{
							"origin": [5, 16, -8],
							"size": [3, 16, 16],
							"uv": {
								"north": {"uv": [0, 0], "uv_size": [3, 16]},
								"east": {"uv": [0, 0], "uv_size": [16, 16]},
								"south": {"uv": [0, 0], "uv_size": [3, 16]},
								"west": {"uv": [0, 0], "uv_size": [16, 16]},
								"up": {"uv": [3, 16], "uv_size": [-3, -16]},
								"down": {"uv": [3, 16], "uv_size": [-3, -16]}
							}
						}
					]
				}
			]
		}
	]
}