{
	"format_version": "1.16.100",
	"minecraft:feature_rules": {
		"description": {
			"identifier": "dungeon:dark_oak_dungeon_rules",
			"places_feature": "dungeon:dark_oak_dungeon_feature"
		},
		"conditions": {
			"placement_pass": "before_underground_pass",
			"minecraft:biome_filter": [
				{
					"all_of": [
						{
							"test": "has_biome_tag",
							"operator": "==",
							"value": "forest"
						},
						{
							"test": "has_biome_tag",
							"operator": "!=",
							"value": "mountain"
						},
						{
							"test": "has_biome_tag",
							"operator": "!=",
							"value": "hills"
						},
						{
							"test": "has_biome_tag",
							"operator": "!=",
							"value": "cold"
						},
						{
							"test": "has_biome_tag",
							"operator": "!=",
							"value": "frozen"
						}
					]
				}
			]
		},
		"distribution": {
			"scatter_chance": {
				"numerator": 1,
				"denominator": 1000
			},
			"iterations": 1,
			"x": -16,
			"y": "query.heightmap(variable.worldx, variable.worldz) - 1",
			"z": -16
		}
	}
}