{
    "format_version": "1.13.0",
    "minecraft:feature_rules": {
        "description": {
            "identifier": "minecraft:city_builder_feature_rule",
            "places_feature": "minecraft:city_builder_feature_mcstructure"
        },
        "conditions": {
            "placement_pass": "underground_pass",
            "minecraft:biome_filter": [
                {
                    "all_of": [
                        {
                            "test": "has_biome_tag",
                            "operator": "!=",
                            "value": "ocean"
                        },
                        {
                            "test": "has_biome_tag",
                            "operator": "!=",
                            "value": "river"
                        },
                        {
                            "test": "has_biome_tag",
                            "operator": "!=",
                            "value": "lakes"
                        },
                        {
                            "any_of": [
                                {
                                    "test": "has_biome_tag",
                                    "operator": "==",
                                    "value": "overworld"
                                },
                                {
                                    "test": "has_biome_tag",
                                    "operator": "==",
                                    "value": "overworld_generation"
                                }
                            ]
                        }
                    ]
                }
            ]
        },
        "distribution": {
            "iterations": 1,
            "scatter_chance": 0.15,
            "x": {
                "distribution": "uniform",
                "extent": [
                    0,
                    16
                ]
            },
            "y": "variable.random = (Math.random(-50, -20)); return variable.random > (query.above_top_solid(variable.worldx, variable.worldz) - 9) ? -999 : variable.random;",
            "z": {
                "distribution": "uniform",
                "extent": [
                    0,
                    16
                ]
            }
        }
    }
}