{
    "format_version": "1.13.0",
    "minecraft:feature_rules": {
        "description": {
            "identifier": "minecraft:skyisland1_feature_rule",
            "places_feature": "minecraft:skyisland1_feature_mcstructure"
        },
        "conditions": {
            "placement_pass": "surface_pass",
            "minecraft:biome_filter": [
                {
                    "all_of": [
                        {
                            "any_of": [
                                {
                                    "test": "has_biome_tag",
                                    "operator": "==",
                                    "value": "overworld"
                                },
                                {
                                    "test": "has_biome_tag",
                                    "operator": "==",
                                    "value": "overworld_generation"
                                },
                                {
                                    "test": "has_biome_tag",
                                    "operator": "==",
                                    "value": "ocean"
                                },
                                {
                                    "test": "has_biome_tag",
                                    "operator": "==",
                                    "value": "river"
                                },
                                {
                                    "test": "has_biome_tag",
                                    "operator": "==",
                                    "value": "lakes"
                                }
                            ]
                        }
                    ]
                }
            ]
        },
        "distribution": {
            "iterations": 1,
            "scatter_chance": 0.15,
            "x": {
                "distribution": "uniform",
                "extent": [
                    0,
                    16
                ]
            },
            "y": {
                "distribution": "uniform",
                "extent": [
                    "query.heightmap(variable.worldx, variable.worldz) > 95.0 ? query.heightmap(variable.worldx, variable.worldz) : 95",
                    "query.heightmap(variable.worldx, variable.worldz) > 200.0 ? query.heightmap(variable.worldx, variable.worldz) : 200"
                ]
            },
            "z": {
                "distribution": "uniform",
                "extent": [
                    0,
                    16
                ]
            }
        }
    }
}
// JSON exported by MACHINE_BUILDER'S Feature Rule Generator (youtube.com/machinebuilder) DO NOT REMOVE THIS WATERMARK