{
    "format_version": "1.13.0",
    "minecraft:feature_rules": {
        "description": {
            "identifier": "minecraft:surface_dungeon_builder_feature_rule",
            "places_feature": "minecraft:surface_dungeon_builder_feature_mcstructure"
		},
		"conditions": {
			"placement_pass": "surface_pass",
                "minecraft:biome_filter": {
                    "test": "has_biome_tag",
                    "operator": "==",
                    "value": "overworld"
                }
        },
		"distribution": {
			"iterations": 1,
			"x": {
				"extent": [0, 16],
				"distribution": "uniform"
			},
			"y": "query.heightmap(v.worldx, v.worldz)", //Generates the feature on the highest block on the column
			"z": {
				"extent": [0, 16],
				"distribution": "uniform"
			},
			"scatter_chance": {
				"numerator": 1,
				"denominator": 25
			}
		}
	}
}