{
	"format_version": "1.16.100",
	"minecraft:block": {
		"description": {
			"identifier": "dungeon:gen_block_d_left"
		},
		"components": {
			"minecraft:ticking": {
				"looping": true,
				"range": [
					1,
					1
				],
				"on_tick": {
					"event": "generate_dungeon_room",
					"target": "self"
				}
			},
			"minecraft:on_interact": {
				"event": "generate_dungeon_room",
				"target": "self"
			}
		},
		"events": {
			"generate_dungeon_room": {
				"randomize": [
					{
						"weight": 50,
						"run_command": {
							"command": [
								"structure load \"dungeon:tier_2/stairs_l\" ~-3 ~-15 ~-3"
							]
						},
						"set_block": {
							"block_type": "minecraft:stonebrick"
						}
					},
					{
						"weight": 50,
						"run_command": {
							"command": [
								"structure load \"dungeon:tier_2/dark_stairs_l\" ~-3 ~-15 ~-3"
							]
						},
						"set_block": {
							"block_type": "minecraft:stonebrick"
						}
					},
					{
						"weight": 50,
						"run_command": {
							"command": [
								"structure load \"dungeon:tier_2/deep_dark_stairs_l\" ~-3 ~-15 ~-3"
							]
						},
						"set_block": {
							"block_type": "minecraft:stonebrick"
						}
					}
				]
			}
		}
	}
}