{
	"format_version": "1.16.100",
	"minecraft:item": {
		"description": {
			"category": "nature",
			"identifier": "item:jungle_wood_overgrown"
		},
		"components": {
			"minecraft:creative_category": {
				"parent": "itemGroup.name.wood"
			},
			"minecraft:max_stack_size": 64,
			"minecraft:block_placer": {
				"block": "dungeons:jungle_wood_overgrown",
				"use_block_description": true
			},
			"minecraft:icon": {
				"texture": "jungle_wood_overgrown"
			},
			"minecraft:use_duration": 0.5
		}
	}
}