{
    "format_version": "1.16.100",
    "minecraft:block": {
        "description": {
            "identifier": "dungeons:creeper_pillar_deactivated",
            "register_to_creative_menu": true,
            "properties": {
                "dungeons:creeper_pillar_place": [true,false],
                "dungeons:creeper_pillar_broken": [true, false]
            }
        },
        "components": {
            "minecraft:material_instances": {
                "*": {
                    "texture": "creeper_pillar",
                    "render_method": "alpha_test"
                }
            },
            "minecraft:pick_collision": {
                "origin":  [-8, 0, -8],
                "size":    [16, 64, 16]
            },
            "minecraft:entity_collision": {
                "origin":  [-8, 0, -8],
                "size":    [16, 64, 16]
            },
            "minecraft:geometry": "geometry.creeper_pillar",
            "minecraft:destroy_time": 5,
            "minecraft:flammable": {
                "flame_odds": 0,
                "burn_odds": 0
            },
            "minecraft:on_player_placing": {
                "event": "dungeons:creeper_pillar_place"
            },
            "minecraft:on_player_destroyed": {
                "event": "dungeons:creeper_pillar_broken"
            },
            "minecraft:block_light_absorption": 0
        },
        "events": {
        "dungeons:creeper_pillar_place": {
            "sequence": [
                {
                    "set_block_at_pos": {
                        "block_offset": [0, 1, 0],
                        "block_type": "dungeons:creeper_pillar_deactivated"
                    }
                },
                {
                    "set_block_at_pos": {
                        "block_offset": [0, 0, 0],
                        "block_type": "dungeons:placeholder"
                    }
                }
            ]
        },
        "dungeons:creeper_pillar_broken": {
            "run_command": {
                "command": "fill ~ ~ ~ ~ ~-1 ~ air 0 replace dungeons:placeholder"
            }
        }
        }
    }
}