{
  "format_version": "1.16.100",

  "minecraft:block": {
    "description": {
      "identifier": "dungeons:crystal_red",
      "properties": {
        "dungeons:direction": [0, 1, 2, 3, 4, 5]
      }
    },
    "permutations": [
      {
        "condition": "query.block_property('dungeons:direction') == 0",
        "components": {
          "minecraft:rotation" : [0, 180, 0]
        }
      },
      {
        "condition": "query.block_property('dungeons:direction') == 1",
        "components": {
          "minecraft:rotation" : [0, 0, 0]
        }
      },
      {
        "condition": "query.block_property('dungeons:direction') == 2",
        "components": {
          "minecraft:rotation" : [270, 0, 0]
        }
      },
      {
        "condition": "query.block_property('dungeons:direction') == 3",
        "components": {
          "minecraft:rotation" : [90, 0, 0]
        }
      },
      {
        "condition": "query.block_property('dungeons:direction') == 4",
        "components": {
          "minecraft:rotation" : [0, 0, 90]
        }
      },
      {
        "condition": "query.block_property('dungeons:direction') == 5",
        "components": {
          "minecraft:rotation" : [0, 0, 270]
        }
      }
    ],
    "components": {
      "minecraft:explosion_resistance": 15,
      "minecraft:destroy_time": 0.35,
        "minecraft:block_light_emission": 0.5,
        "minecraft:block_light_absorption": 0,
            "minecraft:pick_collision": {
                "origin":  [-5, 0, -4],
                "size":    [9, 14, 8]
            },
            "minecraft:entity_collision": {
                "origin":  [-5, 0, -4],
                "size":    [9, 14, 8]
            },
            "minecraft:geometry": "geometry.crystal",
      "minecraft:on_player_placing": {
        "event": "minecraft:placing_direction",
        "target": "self"
      },
      "minecraft:material_instances" : {
        "*": {
          "texture": "crystal_red",
          "render_method" : "alpha_test",
                    "ambient_occlusion": false,
                    "face_dimming": false
        }
      }
    },
    "events": {
      "minecraft:placing_direction": {
        "set_block_property": {
          "dungeons:direction": "math.floor(query.cardinal_block_face_placed_on)"
        }
      }
    }
  }
}