{
    "format_version": "1.16.100",
    "minecraft:block": {
        "description": {
            "identifier": "dungeons:jungle_soil_layer",
            "properties": {
                "dungeons:layerup": [0, 1, 2, 3, 4, 5, 6, 7]
            }
        },
		
        "components": {
            "minecraft:destroy_time": 0.5,
            "minecraft:friction": 0.6,
            "minecraft:block_light_absorption": 0.0
        },
        "events": {
            "dungeons:layerup": {
                "set_block_property": {
                    "dungeons:layerup": "query.block_property('dungeons:layerup') + 1"
                }
            }
        },
        "permutations": [
            {
                "condition": "query.block_property('dungeons:layerup') == 0",
                "components": {
                    "minecraft:on_interact": {
                        "event": "dungeons:layerup",
                        "condition": "query.get_equipped_item_name('main_hand') == 'jungle_soil_layer'"
                    }, 
                    "minecraft:material_instances": {
                        "*": {
                            "texture": "jungle_soil_layer0",
                            "render_method": "alpha_test"
                        }
                    },
                    "minecraft:geometry": "geometry.sand_layer0",
                    "minecraft:pick_collision": {
                        "origin": [-8,0,-8],
                        "size": [16,2,16]
                    },
                    "minecraft:entity_collision": false,
					"minecraft:loot": "loot_tables/blocks/jungle_soil_layer0.json"
                }
            },
            {
                "condition": "query.block_property('dungeons:layerup') == 1",
                "components": {
                    "minecraft:on_interact": {
                        "event": "dungeons:layerup",
                        "condition": "query.get_equipped_item_name('main_hand') == 'jungle_soil_layer'"
                    }, 
                    "minecraft:material_instances": {
                        "*": {
                            "texture": "jungle_soil_layer1",
                            "render_method": "alpha_test"
                        }
                    },
                    "minecraft:geometry": "geometry.sand_layer1",
                    "minecraft:pick_collision": {
                        "origin": [-8,0,-8],
                        "size": [16,4,16]
                    },
                    "minecraft:entity_collision": false,
                    "minecraft:loot": "loot_tables/blocks/jungle_soil_layer1.json"
                }
            },
            {
                "condition": "query.block_property('dungeons:layerup') == 2",
                "components": {
                    "minecraft:on_interact": {
                        "event": "dungeons:layerup",
                        "condition": "query.get_equipped_item_name('main_hand') == 'jungle_soil_layer'"
                    }, 
                    "minecraft:material_instances": {
                        "*": {
                            "texture": "jungle_soil_layer2",
                            "render_method": "alpha_test"
                        }
                    },
                    "minecraft:geometry": "geometry.sand_layer2",
                    "minecraft:pick_collision": {
                        "origin": [-8,0,-8],
                        "size": [16,6,16]
                    },
                    "minecraft:entity_collision": false,
                    "minecraft:loot": "loot_tables/blocks/jungle_soil_layer2.json"
                }
            },
            {
                "condition": "query.block_property('dungeons:layerup') == 3",
                "components": {
                    "minecraft:on_interact": {
                        "event": "dungeons:layerup",
                        "condition": "query.get_equipped_item_name('main_hand') == 'jungle_soil_layer'"
                    }, 
                    "minecraft:material_instances": {
                        "*": {
                            "texture": "jungle_soil_layer3",
                            "render_method": "alpha_test"
                        }
                    },
                    "minecraft:geometry": "geometry.sand_layer3",
                    "minecraft:pick_collision": {
                        "origin": [-8,0,-8],
                        "size": [16,8,16]
                    },
                    "minecraft:entity_collision": {
                        "origin": [-8, 0, -8],
                        "size": [16, 8, 16]
                    },
                    "minecraft:loot": "loot_tables/blocks/jungle_soil_layer3.json"
                }
            },
            {
                "condition": "query.block_property('dungeons:layerup') == 4",
                "components": {
                    "minecraft:on_interact": {
                        "event": "dungeons:layerup",
                        "condition": "query.get_equipped_item_name('main_hand') == 'jungle_soil_layer'"
                    }, 
                    "minecraft:material_instances": {
                        "*": {
                            "texture": "jungle_soil_layer4",
                            "render_method": "alpha_test"
                        }
                    },
                    "minecraft:geometry": "geometry.sand_layer4",
                    "minecraft:pick_collision": {
                        "origin": [-8,0,-8],
                        "size": [16,10,16]
                    },
                    "minecraft:entity_collision": {
                        "origin": [-8, 0, -8],
                        "size": [16, 8, 16]
                    },
                    "minecraft:loot": "loot_tables/blocks/jungle_soil_layer4.json"
                }
            },
            {
                "condition": "query.block_property('dungeons:layerup') == 5",
                "components": {
                    "minecraft:on_interact": {
                        "event": "dungeons:layerup",
                        "condition": "query.get_equipped_item_name('main_hand') == 'jungle_soil_layer'"
                    }, 
                    "minecraft:material_instances": {
                        "*": {
                            "texture": "jungle_soil_layer5",
                            "render_method": "alpha_test"
                        }
                    },
                    "minecraft:geometry": "geometry.sand_layer5",
                    "minecraft:pick_collision": {
                        "origin": [-8,0,-8],
                        "size": [16,12,16]
                    },
                    "minecraft:entity_collision": {
                        "origin": [-8, 0, -8],
                        "size": [16, 8, 16]
                    },
                    "minecraft:loot": "loot_tables/blocks/jungle_soil_layer5.json"
                }
            },
            {
                "condition": "query.block_property('dungeons:layerup') == 6",
                "components": {
                    "minecraft:on_interact": {
                        "event": "dungeons:layerup",
                        "condition": "query.get_equipped_item_name('main_hand') == 'jungle_soil_layer'"
                    }, 
                    "minecraft:material_instances": {
                        "*": {
                            "texture": "jungle_soil_layer6",
                            "render_method": "alpha_test"
                        }
                    },
                    "minecraft:geometry": "geometry.sand_layer6",
                    "minecraft:pick_collision": {
                        "origin": [-8,0,-8],
                        "size": [16,14,16]
                    },
                    "minecraft:entity_collision": {
                        "origin": [-8, 0, -8],
                        "size": [16, 8, 16]
                    },
                    "minecraft:loot": "loot_tables/blocks/jungle_soil_layer6.json"
                }
            },
            {
                "condition": "query.block_property('dungeons:layerup') == 7",
                "components": {
                    "minecraft:material_instances": {
                        "*": {
                            "texture": "jungle_soil_layer7",
                            "render_method": "alpha_test"
                        }
                    },
                    "minecraft:geometry": "geometry.sand_layer7",
                    "minecraft:pick_collision": {
                        "origin": [-8,0,-8],
                        "size": [16,16,16]
                    },
                    "minecraft:entity_collision": {
                        "origin": [-8, 0, -8],
                        "size": [16, 16, 16]
                    },
                    "minecraft:loot": "loot_tables/blocks/jungle_soil_layer7.json"
                }
            }
        ]
    }
}