{
    "format_version": "1.16.100",
    "minecraft:block": {
        "description": {
            "identifier": "dungeons:lamppost",
            "register_to_creative_menu": true,
            "properties": {
                "dungeons:direction": [0, 1, 2, 3]
            }
        },
        "components": {
            "minecraft:pick_collision": {
                "origin":  [-8, 0, -8],
                "size":    [16, 8, 16]
            },
            "minecraft:entity_collision": {
                "origin":  [-8, 0, -8],
                "size":    [16, 8, 16]
            },
            "minecraft:geometry": "geometry.lamppost_ice",
            "minecraft:destroy_time": 2,
            "minecraft:flammable": {
                "flame_odds": 0,
                "burn_odds": 0
            },
            "minecraft:block_light_emission": 0.67,
            "minecraft:block_light_absorption": 0.0
        },
        "events": {
            "dungeons:direction": {	
                "set_block_property": {
                    "dungeons:direction": "query.block_property('dungeons:direction') + 1"
                }
            },
            "dungeons:directionreset": {	
                "set_block_property": {
                    "dungeons:direction": "query.block_property('dungeons:direction') - 3"
                }
            }
        },
        "permutations": [
            {
                "condition": "query.block_property('dungeons:direction') == 0",
                "components": {
            		"minecraft:on_interact": {
                		"event": "dungeons:direction"
            		},
                    "minecraft:material_instances": {
                        "*": {
                            "texture": "lamppost_north",
                            "render_method": "alpha_test"
                        }
                    }
                }
            },
            {
                "condition": "query.block_property('dungeons:direction') == 1",
                "components": {
            		"minecraft:on_interact": {
                		"event": "dungeons:direction"
            		},
                    "minecraft:material_instances": {
                        "*": {
                            "texture": "lamppost_east",
                            "render_method": "alpha_test"
                        }
                    }
                }
            },
            {
                "condition": "query.block_property('dungeons:direction') == 2",
                "components": {
            		"minecraft:on_interact": {
                		"event": "dungeons:direction"
            		},
                    "minecraft:material_instances": {
                        "*": {
                            "texture": "lamppost_south",
                            "render_method": "alpha_test"
                        }
                    }
                }
            },
            {
                "condition": "query.block_property('dungeons:direction') == 3",
                "components": { 
            		"minecraft:on_interact": {
                		"event": "dungeons:directionreset"
            		},
                    "minecraft:material_instances": {
                        "*": {
                            "texture": "lamppost_west",
                            "render_method": "alpha_test"
                        }
                    }
                }
            }
        ]
    }
}