{
    "format_version": "1.16.100",
    "minecraft:block": {
        "description": {
            "identifier": "dungeons:placeholder",
            "register_to_creative_menu": false
        },
        "components": {
            "minecraft:material_instances": {
                "*": {
                    "texture": "placeholder",
                    "render_method": "blend"
                }
            },
            "minecraft:pick_collision": {
                "origin":  [-7, 1, -7],
                "size":    [14, 6, 14]
            },
            "minecraft:entity_collision": false,
            "minecraft:geometry": "geometry.placeholder",
            "minecraft:destroy_time": 0.2,
            "minecraft:ticking": {
        		"looping": true,
        		"range": [ 0.0, 0.0 ],
            	"on_tick": {
            		"event": "dungeons:disappear"
            	}
            },
            "minecraft:loot": "loot_tables/blocks/placeholder.json",
            "minecraft:block_light_absorption": 0,
            "minecraft:flammable": {
                "flame_odds": 0,
                "burn_odds": 0
            }
        },
        "events": {
        	"dungeons:disappear": {
        		"run_command": {
        			"command": "setblock ~ ~ ~ air"
        		}
        	}
        }
    }
}