{
    "format_version": "1.16.100",
    "minecraft:block": {
        "description": {
            "identifier": "dungeons:puzzle_button",
            "register_to_creative_menu": true,
            "properties": {
                "dungeons:button_clicked": [0, 1]
        },
        },
        "components": {
            "minecraft:material_instances": {
                "*": {
                    "texture": "puzzle_button",
                    "render_method": "alpha_test"
                }
            },
            "minecraft:pick_collision": {
                "origin":  [-8, 0, -8],
                "size":    [16, 4, 16]
            },
            "minecraft:entity_collision": {
                "origin":  [-8, 0, -8],
                "size":    [16, 4, 16]
            },
            "minecraft:geometry": "geometry.puzzle_button",
            "tag:stone": {},
            "minecraft:destroy_time": 2,
            "minecraft:block_light_absorption": 0,
            "minecraft:on_interact": {
            	"event": "dungeons:button_clicked"
            },
            "minecraft:flammable": {
                "flame_odds": 0,
                "burn_odds": 0
            }
        },
        "events": {
        	"dungeons:button_clicked": {
        		"sequence": [
        			{
        				"run_command": {
        					"command": "playsound random.click @a[r=10]"
        				}
        			},
        			{
        				"set_block_property": {
        					"dungeons:button_clicked": 1
        				}
        			}
        		]
        	}
        }
    }
}