{
	"format_version": "1.16.100",
	"minecraft:block": {
		"description": {
			"identifier": "dungeons:ice_fort_lamp_on",
			"properties": {
				"dungeons:ice_fort_lamp_off": [ false, true ]
			}
		},
		"components": {
			"minecraft:loot": "loot_tables/blocks/ice_fort_lamp_off.json",
			"minecraft:destroy_time": 0.45,
			"minecraft:explosion_resistance": 0.3,
			"minecraft:block_light_absorption": 0,
			"minecraft:block_light_emission": 1,
			"minecraft:on_interact": {
				"event": "dungeons:ice_fort_lamp_off",
				"target": "self"
			}
		},
		"events": {
			"dungeons:ice_fort_lamp_off": {
				"set_block_at_pos": {
					"block_offset": [ 0, 0, 0 ],
					"block_type": "dungeons:ice_fort_lamp_off"
				}
			}
		}
	}
}