{
    "format_version":"1.8.0",
    "minecraft:spawn_rules":{
       "description":{
          "identifier":"mc:skeleton_warrior",
          "population_control":"animal"
       },
       "conditions":[
          {
             "minecraft:spawns_on_surface":{
                
             },
             "minecraft:spawns_underground":{
                
             },
             "minecraft:weight":{
                "default":100
             },
             "minecraft:herd":{
                "min_size":2,
                "max_size":3
             },
             "minecraft:biome_filter":{
                "test":"has_biome_tag",
                "operator":"==",
                "value":"overworld"
            }
        }
     ]
  }
}